<?xml version="1.0"?>
<config xmlns:xsi="http://www.w3.org/2001/XMLSchema-instance" xsi:noNamespaceSchemaLocation="urn:magento:framework:ObjectManager/etc/config.xsd">
    <virtualType name="TryCoder\YouTubeUploader\Model\ResourceModel\Uploader\Grid\Collection" type="Magento\Framework\View\Element\UiComponent\DataProvider\SearchResult">
        <arguments>
            <argument name="mainTable" xsi:type="string">youtubeuploader</argument>
            <argument name="resourceModel" xsi:type="string">TryCoder\YouTubeUploader\Model\ResourceModel\Uploader</argument>
        </arguments>
    </virtualType>
     <type name="Magento\Framework\View\Element\UiComponent\DataProvider\CollectionFactory">
        <arguments>
            <argument name="collections" xsi:type="array">
                <item name="trycoder_youtubeuploader_listing_data_source" xsi:type="string">TryCoder\YouTubeUploader\Model\ResourceModel\Uploader\Grid\Collection</item>
            </argument>
        </arguments>
    </type>
</config>
